,0
bungalow,4201
sale,3091
house,2531
region,2129
oshawa,1948
bedroom,1687
mississauga,1577
peel,1516
durham,1461
bdrm,1265
home,1125
city,842
oakville,825
detached,779
regionprice,766
toronto,743
halton,729
bed,655
located,619
basement,605
kitchen,603
bath,585
det,583
renovated,564
new,557
large,529
bsmnt,528
fin,444
opportunity,441
brick,440
ontario,440
york,433
floor,432
raised,418
sep,416
markham,409
bth,402
great,386
900,384
entrance,383
family,382
beautiful,366
living,360
area,359
open,358
brampton,356
main,355
entr,346
month,339
finished,331
park,325
separate,324
bright,319
spacious,319
room,314
concept,313
fully,300
maintained,296
quiet,289
heart,286
close,284
apt,269
solid,259
huge,255
detd,254
semi,251
private,244
time,244
street,241
updated,233
payment,231
buyer,228
torontoprice,223
investor,222
feature,222
whitby,222
hardwood,219
rent,217
school,213
bdrms,210
welcome,207
gorgeous,196
hill,195
bathrooms,194
garage,192
property,190
foot,188
999,185
car,182
ave,180
neighbourhood,177
downtown,176
high,175
desirable,171
homes,164
flooring,164
friendly,164
899,162
dining,158
stunning,157
walkout,157
situated,154
custom,154
meadowvale,148
eat,145
attention,144
charming,141
sought,141
immaculate,141
principal,139
backyard,138
acre,137
ranch,136
double,136
kind,134
prime,133
ready,132
level,130
style,128
backing,126
modern,126
price,125
mature,125
richmond,125
clarington,124
bathroom,123
neighborhood,123
premium,120
walk,120
cozy,119
washroom,118
condos,118
nestled,118
end,118
apartments,118
credit,118
layout,116
hamilton,116
bedrm,115
east,114
lovely,114
pool,114
fantastic,112
counter,112
rare,111
country,110
village,109
bths,109
low,108
bsmt,107
regionown,104
quartz,102
utility,101
window,100
lrg,100
401,100
investment,100
corner,100
built,99
989,99
demand,99
hills,98
light,97
legal,97
near,96
2021,96
pickering,95
ceiling,95
yard,94
unit,93
good,93
centre,93
699,91
799,90
community,90
cres,90
driveway,90
line,89
sized,89
fabulous,89
449,88
elgin,88
build,86
excellent,86
transit,86
lorne,84
space,84
7411,84
bedrooms,84
crescent,83
ground,83
sun,82
big,81
law,81
size,81
2838,80
filled,80
laminate,80
road,79
amazing,79
potential,79
look,78
tenant,77
bowmanville,77
deck,77
highly,76
shopping,76
upper,76
approved,76
available,75
rarely,75
lower,75
suite,74
creek,74
south,74
churchill,74
feel,73
offer,72
winston,72
ajax,72
prestigious,71
king,71
rental,71
perfect,71
cabinet,70
step,70
live,70
oversized,70
pay,70
250,70
date,69
regionml,69
posted,69
countertop,69
super,68
alluring,68
lakeview,68
bull,68
3rd,68
beautifully,67
priced,67
bloor,67
applewood,67
user,67
granite,67
burlington,66
parking,66
builder,66
599,65
2841,65
quality,65
income,64
3br,64
upgraded,63
vaughan,62
central,62
absolutely,61
landing,60
tremaine,60
dream,60
pkwy,60
holland,60
streetsville,60
gas,59
owner,59
station,59
2209,59
upstairs,59
boast,59
milton,58
mills,58
landscaped,58
plus,58
150,57
mineola,57
3154,57
incredible,57
eglinton,56
redcar,56
burnhampthor,56
trail,56
appliance,55
historic,55
loft,54
lake,54
regiongreat,54
amenity,54
749,53
erin,53
pot,53
today,52
immediately,52
beds,52
williams,52
flr,52
ravine,51
treed,51
pringle,51
porcelain,51
including,51
sunny,50
contact,50
yonge,49
200,49
offered,49
apartment,49
duplex,49
bayview,49
minute,49
meticulously,48
3400,48
west,48
attn,47
cupboard,47
major,47
brand,46
100,46
den,46
door,46
990,46
ml,46
handyman,45
lease,45
walking,45
x110,45
sell,44
town,44
wonderful,44
north,44
erindale,44
120,44
fenced,44
bus,43
sure,43
grocery,43
3156,43
949,43
island,42
sits,42
public,42
newly,42
interior,42
elegant,42
renovator,41
rural,41
unique,41
bdr,41
featuring,41
backsplash,41
800,40
mid,40
completely,40
rented,40
newmarket,40
kingston,40
distance,40
breakfast,39
2367,39
master,39
1894,39
lighting,39
finish,39
single,39
section,39
499,39
condition,39
current,39
cared,38
renovate,38
deep,38
lakes,38
surrounded,38
delrex,38
glass,38
shaver,38
brock,38
1st,38
buy,38
kawartha,38
etobicoke,37
access,37
outstanding,37
tree,37
contemporary,37
multi,37
downsizers,37
waiting,37
stop,37
plan,36
downstairs,36
garden,36
short,36
freshly,36
regioncode,36
gleaming,36
995,36
roommate,36
drive,36
cabinetry,36
fourth,36
wood,36
180,35
3141,35
greenspace,35
professionally,35
mall,35
inside,35
1420,35
covered,35
1575,35
avenue,35
2996,35
ent,35
hwy,35
preferred,35
irwin,34
renoed,34
willowbank,34
accent,34
bung,34
pennington,34
exeter,34
stylish,34
duncan,34
kennedy,34
pinegrove,34
bartley,34
painted,34
included,33
cul,33
min,33
tub,33
million,33
099,33
hot,33
shop,33
desired,33
come,33
sac,33
scenic,33
dorset,32
laundry,32
2wr,32
enjoy,32
attached,32
stair,32
best,31
nanny,31
waffle,31
looking,31
grade,31
ttc,31
wilson,31
year,30
core,30
regionmagnificently,30
regionexceptional,30
regionone,30
craftsmanship,30
functional,30
secondary,30
guelph,29
dollar,29
kept,29
combined,29
299,29
2525,29
valley,29
1591666352,28
little,28
finest,28
1075649864,28
3122,28
bank,28
1591734722,28
1591830640,28
1591827595,28
calling,28
regionapplewood,28
1591774864,28
1591847675,28
cheery,28
bar,28
99ft,28
1591583135,28
1922,28
clean,28
total,28
sqft,28
1591606150,28
174ft,28
term,28
accessed,28
internet,27
natural,27
plenty,27
dixie,27
existing,27
entry,27
golf,27
porch,26
islamic,26
restaurant,26
crown,26
bristol,26
knock,26
regioncreditview,26
forest,26
design,26
lawrence,26
regionwelcome,26
regionrare,25
blvd,25
update,25
site,25
mclaughlin,25
1336135548,25
2017,25
scarborough,25
foyer,25
ranking,25
set,24
contractor,24
long,24
2nd,24
rec,24
regiondetached,24
bay,24
river,24
9000,24
awaits,24
alternatively,24
estate,24
train,24
cedar,24
old,24
attractive,23
generous,23
century,23
regionpurchase,23
4101,23
regionrarely,23
wow,23
height,23
crosby,23
steel,23
harwood,23
rolling,23
roof,23
flrs,23
beach,22
hospital,22
moulding,22
coveted,22
newer,22
original,22
988,22
ellesmere,22
course,22
stainless,22
121,22
victoria,22
shed,21
1592268836,21
warm,21
include,21
2207,21
child,21
recently,21
152,21
2bath,21
land,21
3119,21
donevan,21
2052,21
182,21
kipling,21
1591985340,21
harding,21
possibility,21
1592269605,21
miss,21
1592246181,21
888,21
crt,21
regioncharming,21
regionbungalow,21
wall,20
muskoka,20
125,20
1578,20
boulevard,20
1591838199,20
fairly,20
facing,20
imagine,20
1591703128,20
regionimmaculate,20
originally,20
750,20
3469,20
hardwd,20
present,19
din,19
898,19
decent,19
769,19
tile,19
seprate,19
sheppard,19
nester,19
wide,19
ideal,19
port,19
lush,19
extra,19
highway,19
caledon,19
combo,19
bronte,19
landscaping,18
stone,18
498,18
vaulted,18
make,18
making,18
court,18
lakeshore,18
comfort,18
islington,18
raise,18
dundas,18
neill,18
2368,18
december,18
oneill,18
meet,18
650,18
additional,18
recreation,18
1592366603,17
employing,17
regiondesirable,17
1592378622,17
1592376618,17
1592380352,17
producer,17
1592381487,17
2873,17
1592319560,17
1592299197,17
2287,17
3669,17
1592316676,17
345,17
hearted,17
1592280811,17
2835,17
renno,17
regionattractive,17
3728,17
regionbuild,17
1592384570,17
2877,17
1592441878,17
proof,17
1592547452,17
2652,17
queen,17
2404,17
2062,17
rathwood,17
2059,17
eating,17
received,17
1592536520,17
1592527534,17
3158,17
regionsuper,17
1592527286,17
1592518641,17
2881,17
regionbuilder,17
2430,17
3387,17
1592513001,17
1592484759,17
2271,17
3125,17
2064,17
resulting,17
1592256639,17
60ft,17
142,17
550,17
alderwood,17
grg,17
notice,17
november,17
155ft,17
dinning,17
1622,17
1591645400,17
1591675204,17
sto,17
1591791269,17
1591801369,17
1736,17
negotiable,17
nearby,17
1591892276,17
61x123,17
maple,17
098,17
ability,17
given,17
woodbridge,17
luxury,17
815,17
gordon,17
moment,17
7561,17
delightfully,17
scratch,17
water,17
aesthetic,17
6626,17
patio,17
1591788935,17
1591902895,17
1592139883,17
1592118127,17
regionfamily,17
1785,17
1928,17
1592118479,17
1592118677,17
1592118889,17
395,17
1592088746,17
1592177202,17
1960,17
bigger,17
fireplace,17
1592188755,17
1592203497,17
1592210997,17
1592097020,17
fixutres,17
1592069496,17
perennial,17
1591928677,17
1591935298,17
1591937190,17
1591942224,17
1591948265,17
1592068535,17
1591962394,17
2573,17
1591963761,17
1591966541,17
1592048472,17
1592048061,17
regionthis,16
bayly,16
9580,16
ic,16
1591828193,16
100x435,16
listed,16
frontage,16
balmoral,16
lined,15
788,15
acres,15
away,15
regionbeautiful,15
queensway,15
convenient,15
professional,15
subway,15
shaped,15
gem,15
ensuite,14
olive,14
pie,14
addition,14
sitting,14
wexford,14
width,14
view,14
furnace,14
aurora,14
acorn,14
199,14
customize,14
work,14
reno,14
market,14
eringate,14
pantry,13
value,13
upgrade,13
humber,13
place,13
3bed,13
soon,13
massive,13
2488,13
free,13
nice,12
51x120ft,12
shared,12
torontoml,12
fifth,12
828,12
future,12
11719,12
123,12
stanely,12
mount,12
1591844095,12
lamoreaux,12
green,12
lane,12
amoreaux,12
140ft,12
1591732787,12
1591732484,12
airport,12
1591689150,12
1591681774,12
1591675184,12
1591601439,12
55ft,12
1584,12
grove,12
rear,12
fam,12
black,12
2614,12
endless,12
embleton,12
impressive,11
approx,11
waterfront,11
danforth,11
right,11
message,11
649,11
building,11
tastefully,11
square,11
renovation,11
college,11
feat,11
bridge,11
keele,11
oriented,11
exclusive,11
bathurst,11
ownership,11
bendale,11
growing,11
district,11
condo,10
bramalea,10
regionbedroom,10
derry,10
duke,10
spectacular,10
concrete,10
french,10
brimley,10
vanier,10
salt,10
appeal,10
dufferin,10
development,10
regionattention,10
ceramic,10
ton,10
inlaw,10
easy,10
jane,10
extremely,10
jessie,10
homebuyers,10
torontobeautiful,10
real,10
clair,10
barrie,10
established,10
tranquil,10
thirty,10
closet,10
furnished,9
center,9
converted,9
shore,9
3785,9
torontospacious,9
breathtaking,9
stopper,9
sunroom,9
harmony,9
hard,9
workshop,9
county,9
pride,9
scugog,9
simcoe,9
inground,9
mountain,9
lrt,9
university,9
complete,9
molding,9
picturesque,9
lindsay,9
2016,9
information,9
argyle,8
flow,8
birchmount,8
spent,8
399,8
sprawling,8
flamborough,8
starter,8
peterborough,8
designed,8
option,8
mackenzie,8
segovia,8
meadowbrook,8
meadow,8
110,8
1084,8
mccowan,8
workmanship,8
gwillimbury,8
thamsgate,8
curb,8
1068,8
markland,8
088,8
gated,8
conveniently,8
montevideo,8
branch,8
mountainview,8
affordable,8
list,8
walkway,8
exposure,8
neighbor,8
2670,8
newcastle,8
developer,8
airy,8
confederation,8
southeast,8
oak,8
carson,8
headon,8
2227,8
steeles,8
check,8
church,8
henry,8
renforth,8
includes,8
349,8
stucco,8
1br,8
privacy,8
bellamy,8
4bed,7
knocking,7
silverstone,7
hand,7
subject,7
finch,7
store,7
taken,7
overlooking,7
executive,7
oasis,7
1800,7
dvp,7
regionbed,7
rate,7
torontothis,7
lead,7
regionfabulous,7
laid,7
lakefront,7
chance,7
half,7
stouffville,7
winning,7
photo,7
2450,7
listing,7
qualification,7
2522,7
thoughtfully,7
ask,7
adorable,7
setting,7
detach,7
regionstunning,7
local,7
treelined,7
1540,7
commercial,7
pond,7
hurontario,7
regional,7
coming,7
regiongorgeous,7
998,7
air,6
greeted,6
2000,6
inquire,6
corian,6
agincourt,6
2185,6
changed,6
quite,6
4bath,6
170,6
southwest,6
3568,6
goreway,6
nature,6
qew,6
7339,6
provide,6
second,6
7343,6
5359,6
mpac,6
albert,6
7335,6
farm,6
refreshed,6
royal,6
mortimer,6
50ft,6
quick,6
backsplit,6
alton,6
500,6
concession,6
offering,6
warden,6
cash,6
gta,6
149,6
investors,6
deal,6
sold,6
whitchurch,6
clairlea,6
peaceful,6
109,6
849,6
ritson,6
trafalgar,6
unfinished,6
carlisle,6
188,6
heights,6
2bed,6
mayfield,6
renod,6
kit,6
appt,6
plaster,6
gar,6
currently,6
torontowelcome,6
piece,6
torontoabsolutely,6
905,6
martingrove,6
power,6
glen,6
spring,6
falgarwood,6
willis,6
popular,6
townhome,6
rooms,6
thomas,6
princess,6
towns,6
business,6
clarendon,6
manor,6
midland,6
martin,6
pape,6
care,6
uxbridge,6
regionamazing,6
1945,6
lakeside,6
bathrms,6
upscale,6
138,5
torbram,5
yorkdale,5
regionget,5
beauty,5
farmhouse,5
california,5
washer,5
link,5
way,5
small,5
thornhill,5
add,5
love,5
act,5
model,5
need,5
willing,5
brant,5
lovingly,5
rathburn,5
maryvale,5
woburn,5
skylight,5
edward,5
253,5
absolute,5
scraped,5
reason,5
recent,5
inidual,5
conservation,5
paint,5
thousand,5
safe,5
timberlane,5
rexdale,5
heritage,5
transportation,5
regionvery,5
birch,5
student,5
picture,5
3472,5
rms,5
renovaters,5
southgate,5
4pc,5
engineered,5
riverfront,5
4br,5
regionbright,5
burnhamthorpe,5
permit,5
fletcher,5
nicely,5
practical,5
regioncoming,5
regionabsolutely,5
baker,5
exceptional,5
rentable,5
1956,5
solina,5
totally,5
stay,5
cafe,5
niagara,5
dryer,5
formal,5
downsview,5
2364,5
3630,5
potlights,5
fairport,4
huttonville,4
doorstep,4
awesome,4
l8r,4
dorval,4
heat,4
gainsborough,4
brow,4
achilles,4
barn,4
acer,4
equipped,4
ludbrook,4
app,4
brantford,4
downsize,4
glazebrook,4
impress,4
hazelglen,4
elm,4
buyers,4
athabasca,4
keewatin,4
georgina,4
canada,4
994,4
cresent,4
cumberland,4
jan,4
campus,4
barberry,4
burns,4
handy,4
extensive,4
eighth,4
9ft,4
britain,4
florence,4
box,4
customized,4
connor,4
helper,4
leaf,4
address,4
alnwick,4
extended,4
francis,4
frederica,4
aldershot,4
hiawatha,4
invesment,4
bramptons,4
frederick,4
btwn,4
gorgeously,4
lived,4
belyea,4
liv,4
construction,4
fridge,4
details,4
bovaird,4
constable,4
linden,4
banglow,4
highview,4
caledonia,4
baths,4
horton,4
haldimand,4
ionview,4
zoned,4
carpet,4
cute,4
clarence,4
burhamthorpe,4
heated,4
fenton,4
highland,4
ample,4
fenside,4
bloomington,4
hudson,4
brs,4
column,4
langstaff,4
lormar,4
larger,4
cliff,4
largest,4
dobbie,4
dixon,4
cliffcrest,4
boasting,4
fthb,4
cooksville,4
calloway,4
bunglow,4
zoning,4
storey,4
1w3,4
torontoattention,4
4350,4
torontodetached,4
replaced,4
1997,4
19th,4
1bdrm,4
remain,4
407,4
roman,4
w5455433,4
20089,4
2019,4
regionthe,4
3wr,4
2040,4
208,4
2085,4
rogers,4
pad,4
niagarafalls,4
tormore,4
130,4
tim,4
wentworth,4
tisdale,4
13127,4
sales,4
132,4
oakwood,4
running,4
1374,4
1600,4
waterfall,4
16025,4
2br,4
rouge,4
484,4
rosedale,4
17080,4
regionreno,4
pickring,4
2143,4
270,4
urban,4
uptown,4
primary,4
union,4
truscott,4
2683,4
properties,4
regionbest,4
truly,4
regionquality,4
torontostunning,4
puslinch,4
2884,4
3000,4
rangoon,4
2999,4
2bedroom,4
townhouse,4
use,4
used,4
258,4
3753,4
2200,4
pineglen,4
239,4
plank,4
vodden,4
play,4
3bed2bath,4
regionjust,4
regioninvestor,4
virgilwood,4
3920,4
vinyl,4
vehicle,4
regionhighly,4
2509,4
torontogorgeous,4
376,4
sdrd,4
outside,4
tour,4
spot,4
mclaughin,4
suit,4
759,4
758,4
morriston,4
mortgage,4
1100,4
120ft,4
silver,4
113,4
mayberry,4
sided,4
musselman,4
willmont,4
7670,4
southdown,4
1000,4
mcmurchy,4
superb,4
soaring,4
10690,4
779,4
westlake,4
smithwood,4
103,4
mimico,4
snelgrove,4
millburn,4
x132,4
7rm,4
1032,4
stainton,4
meticulous,4
stonehouse,4
weybridge,4
8th,4
sharbot,4
624,4
staveley,4
90x140,4
seperate,4
strip,4
taunton,4
647,4
stream,4
storage,4
malvern,4
fed,3
foundation,3
freehold,3
torontoone,3
female,3
249,3
redone,3
toscani,3
hrdwd,3
torontofully,3
2bdr,3
regionlarge,3
ref,3
fit,3
finley,3
star,3
stove,3
burning,3
torontonewly,3
torontomust,3
regioncustom,3
extensively,3
hydro,3
spotless,3
torontoprime,3
2806,3
splash,3
regionbeautifully,3
spend,3
fixture,3
torontorenovated,3
torontohighly,3
torontosolid,3
regioncalling,3
subision,3
secluded,3
2400,3
160,3
shingle,3
ropen,3
centrally,3
rossland,3
sharing,3
guildwood,3
elizabeth,3
guaranteed,3
generating,3
bone,3
terrific,3
gimmick,3
exceptionally,3
chair,3
toll,3
brd,3
chatsworth,3
going,3
employment,3
enclosed,3
change,3
charm,3
scarlett,3
grand,3
elegance,3
castlemore,3
2210,3
taking,3
regionprime,3
sutton,3
sweetest,3
friday,3
holiday,3
regionroom,3
belize,3
regionspacious,3
regionspectacular,3
sliding,3
2022,3
sink,3
rica,3
2015,3
benefit,3
regionwell,3
talk,3
eastdale,3
198,3
sidewalk,3
report,3
residential,3
tandem,3
harbour,3
hobbyist,3
malton,3
info,3
demanded,3
deane,3
neighbour,3
wheel,3
limestone,3
westwood,3
128,3
lifetime,3
ninth,3
library,3
westdale,3
leslie,3
northglen,3
wdws,3
numerous,3
office,3
appointed,3
convenience,3
order,3
washrm,3
overlook,3
overlooked,3
45x137,3
walter,3
designer,3
walkable,3
4356,3
416,3
paste,3
animal,3
410,3
costa,3
dbl,3
day,3
cottage,3
980,3
zip,3
948,3
028,3
march,3
marlee,3
maryhill,3
maryville,3
young,3
mavis,3
mac,3
889,3
856,3
abundance,3
050,3
832,3
medium,3
806,3
metal,3
millcroft,3
7829,3
wrap,3
woodland,3
willowdale,3
countryside,3
murray,3
700,3
1192,3
white,3
155,3
50x100,3
people,3
phenomenal,3
previously,3
award,3
3782,3
vacant,3
379,3
3943,3
jomar,3
pocket,3
398,3
kassinger,3
3bath,3
pkg,3
pinecrest,3
3brm,3
direct,3
updating,3
prince,3
irregular,3
triplex,3
townhouses,3
traffic,3
treasured,3
trim,3
3157,3
3245,3
balcony,3
privately,3
32x32,3
3315,3
interlock,3
3435,3
program,3
unbelievable,3
phillip,3
2681,3
perfectly,3
perry,3
approximately,3
1593561948,2
1595191587,2
clanton,2
1594961560,2
106,2
105,2
1566919254,2
1593138944,2
147,2
1594887986,2
1595288771,2
101,2
1595674359,2
1595736642,2
1595781496,2
1595853227,2
1594949187,2
1592559966,2
100x480,2
1594836448,2
1594448642,2
1594450853,2
1594555019,2
1594679442,2
combination,2
1592637230,2
conc,2
consider,2
1594810095,2
11032,2
1592618298,2
1081,2
108,2
carsdrive,2
carriageview,2
1595995379,2
cambridge,2
1593620477,2
1597102721,2
1500sq,2
courtney,2
1592917773,2
1596831892,2
151,2
1596949301,2
1596951144,2
clarkson,2
075,2
1592824500,2
cove,2
1544709968,2
cactus,2
1597248432,2
1549598509,2
click,2
1596773935,2
1596704266,2
1593106872,2
049,2
1595995466,2
1596054260,2
1596292981,2
1596316967,2
1596323108,2
068,2
1497,2
1596514146,2
1593131739,2
1596520775,2
commuter,2
commute,2
1596598345,2
1500,2
1596619418,2
1592642026,2
1594445443,2
12342,2
club,2
1592770974,2
circular,2
1593513001,2
1322,2
1593669161,2
common,2
1593669568,2
1593488671,2
1593819512,2
130ft,2
convert,2
1593685581,2
cochrane,2
cockburn,2
coldstream,2
1593788332,2
1327,2
132ft,2
1583646652,2
contained,2
choice,2
13798,2
1575838383,2
1593625573,2
1592809025,2
1389,2
1593642016,2
13645,2
1593648370,2
cheerful,2
1352,2
1593541730,2
1576270733,2
1593650317,2
1592775255,2
1585701649,2
charmer,2
1594443764,2
1594287281,2
cfb,2
1594123335,2
1594131392,2
cost,2
1594132038,2
1594132278,2
1594140646,2
1450,2
1593823318,2
1594288524,2
1594293568,2
1592647707,2
1467,2
1593143037,2
1594442500,2
1574155244,2
1566562807,2
1594115905,2
1593165844,2
1594115666,2
collection,2
1593828697,2
1592652922,2
1593830359,2
1585703746,2
126,2
charles,2
1593968890,2
1592813908,2
1593270843,2
1594060355,2
1594101594,2
143,2
1594112751,2
1593240986,2
125x175,2
1599246338,2
1597554373,2
40186742,2
3752,2
3788,2
availability,2
avail,2
394,2
3bedroom,2
assignment,2
asking,2
3g9,2
3pc,2
aprx,2
3r1,2
3r3,2
3v5,2
40187561,2
4420,2
40194559,2
applefield,2
apple,2
404,2
409,2
40x122,2
anytime,2
ansley,2
4100,2
4259,2
4261,2
433,2
anderson,2
4413,2
3750,2
3725,2
36x296ft,2
367,2
bcc,2
2532,2
2568,2
bayvew,2
2600,2
261,2
262ft,2
batten,2
2680,2
bathrs,2
2700,2
2799,2
2840,2
2993,2
2l6,2
2m7,2
2pc,2
2r7,2
2w6,2
2yr,2
305,2
bamboo,2
3273,2
3371,2
3394,2
3437,2
348,2
3603,2
backs,2
4419,2
449k,2
1597605114,2
787,2
68x112,2
690,2
affordability,2
70ft,2
admiral,2
adjacent,2
adelaide,2
719,2
7490,2
75ft,2
775,2
7780,2
actual,2
acton,2
798,2
454,2
8026,2
80x175,2
82x111,2
8365,2
accessible,2
840,2
850,2
abundant,2
893,2
894,2
8942,2
930,2
989000,2
959,2
agent,2
6797,2
679,2
aggregated,2
4735,2
481,2
48x120,2
4929,2
amenities,2
4th,2
4tier,2
aluminum,2
500m,2
5048,2
alternative,2
50x114,2
allingham,2
allanhurst,2
50x120,2
52x143ft,2
5335,2
5377,2
556763280,2
5603,2
561,2
56x137,2
ago,2
5998,2
60x155,2
6343,2
639,2
64x139,2
6549,2
250ft,2
2500,2
bdrmetobi,2
1598851095,2
1598551615,2
1598567192,2
1598624486,2
1598644356,2
1598648032,2
1598698200,2
1598710467,2
1598717797,2
1598719121,2
1598754648,2
1598759337,2
1598759888,2
brooke,2
1598760918,2
1598869475,2
2399,2
1598871465,2
1598878141,2
1598893220,2
brimorton,2
1598894037,2
1598894760,2
1598894901,2
bridges,2
1598895991,2
1598896068,2
1598896301,2
briar,2
breezeway,2
1598896395,2
1598547521,2
1598547449,2
1598539194,2
1598521600,2
1597629294,2
1597724412,2
1597779228,2
1597828214,2
1597829528,2
1597830520,2
1597893637,2
1597893786,2
1597933416,2
1597961709,2
1597985275,2
1598010426,2
1598033605,2
1598034333,2
1598034647,2
1598036978,2
1598039127,2
bunglows,2
1598043612,2
1598076946,2
1598172171,2
1598174710,2
1598174781,2
1598189565,2
1598208415,2
1598270063,2
1598332379,2
1598388171,2
1598423827,2
1598896593,2
1598896709,2
1598944845,2
bland,2
185,2
1891,2
190,2
1900,2
191,2
192,2
19267,2
1936,2
1940,2
1954,2
biggest,2
1981,2
1bath,2
1w1,2
bennett,2
1x9,2
2000sq,2
2005,2
2008,2
2020,2
belgravia,2
2100,2
2186,2
219,2
beckett,2
2279,2
2283,2
2357,2
bds,2
174,2
bloom,2
1599007173,2
1711,2
1599018283,2
1599018370,2
braymore,2
1599101095,2
1599147714,2
1599196068,2
1599201342,2
1599238129,2
1599248460,2
1599248465,2
1599248885,2
1599255271,2
1599330944,2
1599364377,2
boys,2
1599382666,2
1599401011,2
1599404191,2
1599409220,2
1599458168,2
1599461520,2
1599527238,2
1599534975,2
1599539399,2
165,2
bolton,2
boarhill,2
board,2
bloordale,2
4000,2
cut,2
000sqft,2
lucky,2
locke,2
logie,2
loot,2
lord,2
lots,2
loved,2
lucyk,2
m2p,2
rperfect,2
lvl,2
route,2
round,2
lyon,2
m1g,2
locale,2
loaded,2
rutherford,2
load,2
lloyd,2
torontofantastic,2
students,2
liverpool,2
lit,2
lincoln,2
lighted,2
salem,2
led,2
leave,2
sammon,2
leading,2
savvy,2
m1p,2
m3h,2
torontoget,2
mayfair,2
rimmaculately,2
masterpiece,2
ridge,2
torontoentire,2
torontodon,2
ridelle,2
rich,2
m6b,2
rfully,2
rfeaturing,2
mcculley,2
mcfaul,2
mclevin,2
mcnicoll,2
martha,2
rintella,2
margaret,2
rl8,2
roberts,2
roding,2
manitoba,2
roomy,2
manfred,2
male,2
rosemary,2
magnificent,2
magazine,2
madrid,2
mack,2
m8y3e4,2
m6s,2
le,2
lawson,2
measuring,2
touch,2
senior,2
ingrnd,2
township,2
seller,2
inspired,2
towering,2
tottenham,2
james,2
intersection,2
inverleigh,2
inviting,2
isaiah,2
torontowell,2
isligton,2
traditional,2
stoney,2
improvement,2
true,2
immersion,2
immaculately,2
stonegate,2
tulloch,2
ideally,2
turn,2
hwy7,2
separated,2
ultimate,2
hughes,2
hour,2
hostrawser,2
separately,2
stoshawa,2
jan1,2
torontogreat,2
l8g,2
known,2
krosno,2
torontometiculously,2
l3t,2
l5c2p6,2
l7c0x6,2
l8j,2
janetville,2
torontomajestic,2
l8k,2
l8t1a4,2
labrador,2
landry,2
laneway,2
schedule,2
torontoperfect,2
kitc,2
key,2
torontorare,2
kerr,2
season,2
kenilworth,2
kemp,2
torontos,2
keen,2
torontospectacular,2
keel,2
john,2
seen,2
jarvis,2
self,2
sub,2
retreat,2
hoover,2
pitt,2
regionexclusive,2
personal,2
pet,2
pharmacy,2
regionexcellent,2
pictured,2
taste,2
portsdown,2
regionentire,2
plaza,2
regionenormous,2
po,2
point,2
porte,2
pellet,2
pefferlaw,2
regionfully,2
pearl,2
regionfuture,2
supermarket,2
taylor,2
paying,2
paxton,2
tecumseth,2
paved,2
passive,2
parliament,2
parkwoods,2
parkway,2
regionhouse,2
parklawn,2
portfolio,2
regioncountry,2
teston,2
quaint,2
provides,2
redeveloped,2
sydney,2
puckeridge,2
purchased,2
switzer,2
quart,2
powder,2
rea,2
rbg,2
rbeautifully,2
rates,2
sutherland,2
ranchstyle,2
provided,2
proven,2
proposed,2
reduced,2
region599,2
proff,2
prkng,2
pristine,2
pricing,2
regionamazingly,2
prices,2
previous,2
prett,2
regionavailable,2
preston,2
regioncentral,2
regionconveniently,2
paradise,2
palace,2
resort,2
regionunique,2
morland,2
morning,2
regionyour,2
multiple,2
regionyou,2
regionupgraded,2
regiontwo,2
regionrenovated,2
regionthree,2
regionthere,2
summer,2
summit,2
regionsolid,2
tlc,2
monster,2
monroe,2
mohawk,2
renoveted,2
missed,2
renowned,2
minimum,2
minden,2
millwood,2
midtown,2
midpines,2
midhurst,2
repainted,2
required,2
resid,2
melancthon,2
residence,2
regionsettle,2
neilson,2
regionhow,2
outlet,2
ones,2
ons,2
options,2
orchard,2
regionlovely,2
regionlooking,2
overton,2
tiered,2
thorncroft,2
thorley,2
thickson,2
thicketwood,2
owned,2
owners,2
obligation,2
regionnewly,2
number,2
note,2
notch,2
regionnice,2
regionopportunity,2
northcliffe,2
norman,2
niska,2
newtonbrook,2
newtecumseth,2
regionprivate,2
throu,2
throw,2
thruout,2
ticket,2
hortop,2
cragg,2
rail,2
william,2
w5419676,2
sleek,2
w5421885,2
finesse,2
doe,2
donalda,2
sheridan,2
wilmot,2
sherwood,2
favourite,2
dorcot,2
w5427195,2
wish,2
fall,2
downs,2
downsizing,2
fairbank,2
w5431319,2
willard,2
drewry,2
w5440815,2
wiliamsburg,2
exterior,2
dreyer,2
dishwasher,2
finnished,2
w5443170,2
fredericton,2
functionality,2
x5368930,2
stanfield,2
wrs,2
desi,2
deta,2
detachs,2
develop,2
fresh,2
workspace,2
freeland,2
foursome,2
fixer,2
working,2
fort,2
forsale,2
woodmount,2
food,2
stability,2
smith,2
sqf,2
wonderfully,2
wolcott,2
flagstone,2
exquisite,2
shoping,2
defined,2
sough,2
w5457756,2
ementies,2
email,2
sky,2
simpson,2
walkup,2
elementary,2
w5457840,2
sort,2
w5458795,2
w5458902,2
electric,2
w5454709,2
earner,2
w5460307,2
easily,2
eastbourne,2
w5459855,2
eastmall,2
shutter,2
sick,2
w5459791,2
edged,2
edge,2
engulfed,2
watch,2
wilcox,2
evident,2
driftwood,2
dry,2
widens,2
w5443227,2
wholesale,2
w5448939,2
dundurn,2
shower,2
w5449331,2
westway,2
example,2
evans,2
w5453758,2
westmount,2
w5451246,2
spaced,2
erie,2
sound,2
welcoming,2
entrepreneurs,2
website,2
waverly,2
entertaining,2
waterside,2
delight,2
flowing,2
h4120806,2
w5352990,2
upgreded,2
herald,2
virtual,2
h4123389,2
galloway,2
h4123367,2
dawhhill,2
viewing,2
glenbourne,2
david,2
vip,2
gibb,2
deco,2
w4682136,2
hall,2
golden,2
georgeous,2
grab,2
hdwd,2
hamlet,2
dead,2
smoking,2
somerville,2
grandview,2
service,2
heathrow,2
utils,2
grassington,2
smythe,2
greenhill,2
gourmet,2
visser,2
stevenson,2
georgetown,2
villas,2
crazy,2
honbury,2
units,2
unmatched,2
darcel,2
steps,2
stn,2
h4121324,2
cranberry,2
unspoiled,2
views,2
shakespeare,2
snow,2
george,2
gardener,2
hold,2
h4116933,2
hillmount,2
grve,2
generational,2
gen,2
gujarati,2
dar,2
highlight,2
youve,2
handymen,2
history,2
gardens,2
decorated,2
sophistication,1
1595244351,1
1598429851,1
sunlit,1
1596047396,1
1595249158,1
sunlight,1
1595996043,1
surround,1
1598430180,1
1598189907,1
1596121058,1
1598449909,1
1596121334,1
1598203979,1
1596122698,1
1596122976,1
1596138618,1
1595210036,1
1596140409,1
1595159573,1
1596144323,1
1596154225,1
1596174468,1
1596220090,1
1598206772,1
1595198431,1
1596120384,1
1596119915,1
1598221380,1
1595204054,1
1595205040,1
1596116763,1
1598248897,1
1598263682,1
1598431807,1
1596064007,1
1598431435,1
1596057004,1
sunfilled,1
1596052866,1
1596048736,1
1598255385,1
1595968103,1
1595982497,1
1596246664,1
1595753026,1
1595637954,1
1595636669,1
1598390402,1
1595635857,1
1595615854,1
1598405922,1
1595744613,1
1595755413,1
1595762329,1
1598325956,1
1595768408,1
1595770603,1
1595613103,1
sonoma,1
1598385052,1
1598314845,1
1598332945,1
1595644120,1
surprisingly,1
1598342340,1
1595738941,1
1598334683,1
1598333627,1
sophisticated,1
1598329204,1
1598355503,1
1595741300,1
1595742235,1
1598382191,1
1595743837,1
1598332310,1
1595612402,1
1598413439,1
1595268281,1
1595291191,1
1595347650,1
1595337879,1
1595960579,1
1598424004,1
1595961448,1
1595314838,1
surrounding,1
1595867589,1
1598300518,1
1595285356,1
1595276158,1
1598297476,1
1598284091,1
1595981834,1
1595938081,1
sunset,1
1595771300,1
1595551992,1
1598421731,1
1595611970,1
1595559178,1
1595555978,1
1595805613,1
1598312389,1
1595542766,1
1595829519,1
1595468424,1
1598300846,1
1595818664,1
1595824984,1
1595461100,1
1595826191,1
1596239612,1
1597704988,1
1596254022,1
1597005902,1
1597085138,1
1597096161,1
1597098464,1
stroll,1
stc,1
1597901011,1
1597104648,1
steele,1
1597104812,1
1597135953,1
1597892035,1
1597232120,1
1597890923,1
1597238804,1
1597242430,1
1595157227,1
1597883664,1
1597870709,1
1597869864,1
1597045430,1
1596963060,1
1597863871,1
1597963182,1
1596923950,1
speed,1
spiritual,1
splendor,1
1596935016,1
1598026660,1
1598026275,1
1598025887,1
1596937902,1
1596943450,1
stable,1
staircase,1
structure,1
1596952318,1
1596952629,1
1597974730,1
1597966710,1
1596954020,1
1596962896,1
streetville,1
1597252092,1
specious,1
1597834032,1
1597571959,1
1597572068,1
1597833588,1
1597833381,1
1597572950,1
stewart,1
1597576145,1
1597576738,1
1597577936,1
1597592312,1
1597828329,1
1597623552,1
stillmeadow,1
stlye,1
1597775473,1
1597632687,1
1597699980,1
1597744722,1
1597703775,1
1597554527,1
1597543891,1
1597326802,1
1597839121,1
1597335562,1
1597863494,1
1597340643,1
1597368857,1
1597405134,1
1597407987,1
1597422072,1
1597434264,1
1597447929,1
1597457269,1
1597478968,1
1597483144,1
1597856265,1
1597483450,1
1597842173,1
1597840680,1
1597499398,1
1597499882,1
1597530528,1
1596922116,1
1598044539,1
1596272933,1
1596462820,1
1596519397,1
submitted,1
1598175532,1
1596526694,1
1596526789,1
1596528672,1
1596528729,1
1596529083,1
1596539991,1
1596564486,1
1596567290,1
1596568273,1
1596569012,1
1598175012,1
1598174892,1
1597720842,1
1596574601,1
1596577474,1
1598174800,1
suburban,1
1598175692,1
1596588584,1
1596457369,1
1596285027,1
1596286129,1
1596287409,1
1598180705,1
1596297647,1
1596303588,1
1596309697,1
1598180214,1
suitable,1
1596327460,1
1596339523,1
1598176050,1
1596340342,1
1596344336,1
1596407281,1
1596427130,1
1596450647,1
1596455121,1
1596456909,1
1596587809,1
1596591017,1
1598054808,1
1596751374,1
1596761516,1
stunningly,1
1596801775,1
1598126466,1
1596812027,1
1598125810,1
1596819003,1
1598125350,1
1596830859,1
studio,1
1596855399,1
1596893305,1
1596896171,1
1598124163,1
1596900415,1
spavious,1
1598065054,1
1598062953,1
1598059797,1
1596756227,1
1598127807,1
submission,1
1596727511,1
1596604829,1
1598174596,1
sparkle,1
1596614962,1
1598171889,1
1598160590,1
1598152259,1
1598139716,1
1596626239,1
1598137420,1
1596664858,1
1596665149,1
1598136283,1
1596667946,1
1596684784,1
1598132944,1
1596690592,1
1596700665,1
styled,1
1598174865,1
1593820497,1
1595156661,1
tradespeople,1
underpinned,1
1591963123,1
typical,1
type,1
1591988467,1
1592048914,1
tucked,1
tranquility,1
training,1
1592107953,1
trade,1
uniquely,1
tract,1
1592147118,1
1592148088,1
torontowonderful,1
torontovisit,1
1592261871,1
1592266908,1
torontovery,1
torontotop,1
torontothree,1
ungraded,1
unparalleled,1
1595134003,1
visit,1
1590704165,1
1590719339,1
1590836638,1
1590838595,1
1591260880,1
w5391349,1
w5361389,1
w5326677,1
vivian,1
vista,1
1591711195,1
unwanted,1
villa,1
victorian,1
vendor,1
various,1
vale,1
vacuum,1
upgrd,1
1591859842,1
1591863798,1
1591866210,1
torontosurrounded,1
1592308698,1
torontostunningly,1
1592783190,1
1592702355,1
1592712324,1
1592720331,1
1592720762,1
1592742855,1
1592743383,1
torontofreshly,1
torontofor,1
1592777006,1
1592779263,1
1592784581,1
torontorecently,1
1592786064,1
1592795920,1
torontofabulous,1
1592815874,1
1592822646,1
torontoextremely,1
1592831392,1
1592831845,1
1592856550,1
1592859394,1
1592700843,1
1592693456,1
1592659378,1
torontofsolid,1
torontoready,1
1592379190,1
torontopurchase,1
torontopremium,1
1592384984,1
1592406452,1
1592411291,1
1592418581,1
1592434368,1
1592442170,1
1592452611,1
torontoopportunity,1
torontooffer,1
torontomuch,1
torontomove,1
1592529790,1
torontolovely,1
torontolegal,1
torontojust,1
torontohigh,1
1592649035,1
1590564110,1
1590431336,1
1590142387,1
washrms,1
woodgrove,1
1100sqft,1
windsor,1
115,1
117,1
1190,1
wildlife,1
125ft,1
whirlpool,1
western,1
wash,1
w5459192,1
1338,1
warranty,1
ward,1
waling,1
waking,1
13884,1
wainscoting,1
wagner,1
w5460820,1
144,1
worship,1
wrapped,1
x111,1
x120,1
022,1
02nd,1
yoga,1
ymca,1
yes,1
0698,1
xlrge,1
080,1
083,1
x5459931,1
095,1
x5459681,1
x5456968,1
x5449196,1
x5444725,1
100k,1
x5415347,1
x5406789,1
100x50ft,1
x5393355,1
x5368070,1
w5459391,1
148,1
1589954454,1
1587301263,1
1582432228,1
1583783681,1
1584553330,1
1584695149,1
1585122194,1
1585364039,1
w5401338,1
1585701755,1
w5393770,1
1585704042,1
1587927491,1
1487129934,1
1588428441,1
1588569610,1
1588764079,1
1588829591,1
1588835157,1
1589130534,1
1589815758,1
1589815872,1
1589815950,1
1589815967,1
1581589352,1
158,1
1579659840,1
1578643515,1
1499,1
w5457797,1
150ft,1
1515381370,1
154,1
w5453653,1
w5453497,1
w5451578,1
1553786634,1
1559007831,1
156,1
1561225523,1
1564315308,1
1564505081,1
1565198894,1
1569809773,1
1572399318,1
1573672115,1
1574593782,1
w5435012,1
1577736098,1
1592869127,1
1592869129,1
1592870420,1
1594294988,1
tenanted,1
tenancy,1
1594148074,1
1594185741,1
1594191017,1
1594249516,1
1594260433,1
1594265225,1
1594273610,1
temporary,1
1594336914,1
1594446243,1
1594441389,1
1594441417,1
1594441464,1
1594442137,1
tax,1
1594443615,1
1594443732,1
tasteful,1
1594443997,1
1594444374,1
terminal,1
thank,1
1594086040,1
1594081090,1
1593833526,1
1593835655,1
1593842807,1
1593850301,1
1593854497,1
1593912782,1
1593918969,1
1593920659,1
1593926417,1
1593930376,1
1593931745,1
thriving,1
1593982160,1
1593985678,1
1594032949,1
1594036174,1
1594038068,1
1594041137,1
1594055644,1
thought,1
1594062092,1
1594445426,1
1594446257,1
1593831346,1
1594888896,1
1594734877,1
1594742252,1
1594760116,1
1594803914,1
taller,1
1594814434,1
tab,1
1594849572,1
1594878885,1
1594880375,1
1594903287,1
1594446702,1
swimming,1
1594966347,1
1595001878,1
1595035741,1
1595040310,1
1595046422,1
1595050129,1
1595055213,1
1595070926,1
1595081676,1
1594733696,1
1594733059,1
1594731908,1
1594723398,1
1594446838,1
1594446880,1
1594446910,1
1594447557,1
1594448510,1
tarry,1
1594448668,1
1594449759,1
tarion,1
1594472419,1
1594476246,1
1594481678,1
tankless,1
1594555223,1
1594568748,1
1594664493,1
1594672838,1
tank,1
1594682098,1
1594700239,1
1594715676,1
1593831517,1
1598498647,1
1592871815,1
1593266575,1
1593173399,1
1593180414,1
1593189671,1
1593197651,1
1593200790,1
torontocompletely,1
1593247259,1
1593249973,1
1593264469,1
1593265735,1
torontobright,1
1593452273,1
1593293680,1
1593328950,1
1593377277,1
1593390412,1
1593407602,1
1593415899,1
1593420635,1
1593421104,1
1593426925,1
1593433554,1
1593170045,1
1593168989,1
torontocozy,1
torontoestate,1
1592873204,1
1592873581,1
1592874200,1
1592875373,1
1592882476,1
1592885012,1
1592889592,1
1592904698,1
torontoextensively,1
1593035571,1
1593042090,1
1593061768,1
1593081109,1
1593086198,1
1593091765,1
1593092803,1
1593095309,1
1593098268,1
torontoexecutive,1
1593107788,1
1593116794,1
1593441051,1
1593458315,1
1593811889,1
1593667086,1
1593635036,1
toronto799,1
1593644427,1
toronto6449,1
toronto3300,1
1593652938,1
1593657588,1
1593657733,1
1593660306,1
1593661727,1
topper,1
1593465320,1
1593672492,1
1593676961,1
timer,1
1593712710,1
1593713468,1
1593738989,1
1593739594,1
1593749800,1
1593758420,1
1593785397,1
1593626310,1
toronto999,1
1593623675,1
torontoamazing,1
1593466534,1
1593474297,1
torontobrand,1
1593489411,1
1593490822,1
1593494410,1
1593504846,1
torontobr,1
1593514955,1
torontobeautifully,1
1593543097,1
1593546686,1
1593549391,1
1593551146,1
1593560245,1
1593561230,1
torontoare,1
1593563486,1
1593571218,1
1593581884,1
1593618186,1
1598486505,1
cowan,1
1598521304,1
adorned,1
mainbsmt,1
magna,1
lynde,1
acclaimed,1
accommodate,1
accomodations,1
luxurious,1
lover,1
adena,1
livingroom,1
adult,1
majority,1
livingdining,1
lively,1
afforded,1
livable,1
linc,1
limeridge,1
lift,1
lifestyle,1
life,1
legacy,1
mainfloor,1
makeover,1
maximize,1
marble,1
8900,1
891,1
max,1
material,1
masterfully,1
mass,1
8997,1
mason,1
mary,1
900sqft,1
917,1
mandi,1
91x310ft,1
924,1
mansion,1
938,1
940,1
9467,1
manot,1
9519,1
manicured,1
979,1
left,1
alert,1
lee,1
k0k,1
apx,1
architect,1
architectural,1
architecturally,1
keswick,1
arthur,1
artist,1
asset,1
assume,1
keelsdale,1
judy,1
allowed,1
august,1
jeffery,1
january,1
jacuzzi,1
italian,1
italia,1
backed,1
ision,1
interested,1
insulated,1
kindsignature,1
appwod,1
kingsview,1
kitch,1
leaside,1
leased,1
leaded,1
alu,1
lay,1
amberlea,1
later,1
american,1
ancaster,1
ancient,1
laminated,1
apart,1
apparent,1
ktchn,1
applicant,1
applncs,1
appls,1
kleinburg,1
appr,1
approval,1
kitchens,1
890,1
880,1
insert,1
6118,1
581,1
584,1
neighbrhd,1
5levels,1
5mins,1
5th,1
5x225,1
6000,1
needed,1
n5458848,1
6149,1
nest,1
n5456046,1
n5455473,1
n5455274,1
n5454239,1
n5446601,1
648,1
n5443052,1
n5432486,1
n5423862,1
n5418282,1
579,1
569,1
879,1
522,1
outbuilding,1
orono,1
opposite,1
ocean,1
occupied,1
502,1
503,1
occupancy,1
oakridge,1
50x156,1
529,1
5622,1
52ft,1
52x100,1
535,1
noise,1
539,1
549,1
newcomer,1
55x123,1
neutral,1
nested,1
65ft,1
65x180,1
n5416820,1
8000sf,1
mon,1
modernize,1
7786,1
784,1
786,1
789,1
791m,1
794m,1
microwave,1
meter,1
mesmerizing,1
670,1
memorial,1
mediterranean,1
825,1
medical,1
mechanically,1
834,1
mccrimmon,1
866,1
868,1
870,1
760,1
75x134,1
montague,1
mosaic,1
6727,1
n5408505,1
n5391663,1
n5365840,1
n5362335,1
n5338041,1
n5257360,1
705,1
mur5407468,1
70fts,1
mur5407461,1
724,1
7261,1
mur5407458,1
municipal,1
738,1
739,1
73ft,1
multimillion,1
748,1
moving,1
installed,1
inquiry,1
soaker,1
e5437731,1
edenbridge,1
eastend,1
clark,1
early,1
clear,1
clever,1
e7a,1
e5457856,1
e5455926,1
e5447970,1
closing,1
circa,1
e5437713,1
e5431149,1
e5428863,1
code,1
coffered,1
coffey,1
e5428753,1
e5408373,1
e5293905,1
collegiate,1
eff,1
eglington,1
exercise,1
chapel,1
cawthra,1
exemplifies,1
cedarbrae,1
exciting,1
cement,1
european,1
escarpment,1
escape,1
equipment,1
entertainment,1
chapter,1
elbow,1
character,1
entertainer,1
entertain,1
en,1
elevated,1
chef,1
cherished,1
cherry,1
cherrywood,1
elect,1
e5176796,1
com,1
dunnville,1
corso,1
demi,1
delightful,1
deeded,1
convinient,1
cook,1
cookie,1
cooperate,1
copy,1
decor,1
dec,1
cosmetic,1
combining,1
dble,1
costco,1
countrtop,1
cutter,1
cust,1
couple,1
creating,1
create,1
courtice,1
courtyard,1
density,1
deposit,1
contains,1
depth,1
dufay,1
comfortable,1
comfortably,1
comm,1
drawing,1
doug,1
completed,1
donna,1
compliance,1
display,1
diningroom,1
conditioner,1
conditioning,1
diamond,1
devolpment,1
devil,1
connected,1
developmeny,1
consejo,1
consisting,1
designated,1
cathedral,1
expansion,1
inner,1
boardwalk,1
belonging,1
hickory,1
herriman,1
heating,1
health,1
having,1
hallway,1
h4123310,1
h4122743,1
h4122243,1
h4118810,1
holly,1
boiler,1
bonus,1
border,1
bottom1,1
group,1
grey,1
greenhouse,1
br,1
graded,1
grace,1
hit,1
homes5338041,1
expansive,1
idyllic,1
indian,1
independent,1
incl,1
base,1
baseboard,1
baseme,1
inch,1
impeccable,1
immediate,1
imagined,1
hwys,1
homes5408339,1
hw427,1
hustle,1
baywood,1
hurry,1
hrdwds,1
bdrs,1
beacon,1
hood,1
homes5417589,1
homes5411177,1
gmail,1
glenholme,1
breath,1
favorite,1
finishing,1
buying,1
c5444365,1
c5446461,1
c5457674,1
c5460605,1
cabbagetown,1
fidelity,1
cabot,1
fence,1
farncomb,1
generously,1
farmland,1
fams,1
fair,1
facility,1
face,1
extension,1
experience,1
carport,1
expense,1
expect,1
finshed,1
bustle,1
flair,1
flawless,1
gelvani,1
gateway,1
brings,1
ganaraska,1
broadloom,1
galore,1
brokerage,1
galaxy,1
furniture,1
brunswick,1
ft2,1
fruit,1
frshly,1
frontyard,1
friend,1
frenchman,1
bullock,1
forced,1
florell,1
floorplan,1
flooded,1
outdoor,1
outdoors,1
490,1
scholl,1
1599246944,1
1599247996,1
security,1
1599248672,1
score,1
1599249028,1
1599249205,1
1599249404,1
1599250024,1
1599253183,1
1599256033,1
1599227846,1
1599261889,1
1599328160,1
1599358030,1
1599360616,1
1599360862,1
1599361421,1
scene,1
1599367863,1
scar,1
1599390503,1
1599239537,1
1599219287,1
1598896599,1
1599022655,1
1598896651,1
1598896773,1
1598896841,1
1598897230,1
serve,1
1598984207,1
1598994237,1
septic,1
1599016459,1
sept,1
1599099602,1
1599212486,1
1599116992,1
1599132049,1
1599135920,1
1599137488,1
sensitive,1
1599153544,1
1599195305,1
1599195913,1
1599201612,1
1599206376,1
1599395623,1
sauna,1
1599441650,1
189,1
178,1
179,1
1791,1
1799,1
ringway,1
181ft,1
1828,1
1846,1
186ft,1
1878,1
richard,1
1599446892,1
rfinished,1
rfabulous,1
reverse,1
reputation,1
replica,1
1968,1
renvtd,1
1980,1
renting,1
1982,1
175,1
roofed,1
1733,1
root,1
1599446902,1
1599449398,1
1599453682,1
1599455049,1
salesperson,1
1599475377,1
1599494061,1
1599500050,1
sabji,1
1599529064,1
1599534285,1
rwell,1
1599536763,1
1599564667,1
row,1
1610,1
rough,1
1673,1
1689,1
1700,1
1704,1
1598896642,1
sever,1
oversize,1
1598745980,1
1598654401,1
1598655975,1
1598660926,1
1598671523,1
1598687541,1
sizeable,1
sizable,1
1598725478,1
1598732298,1
1598741988,1
1598746373,1
1598652992,1
siding,1
shy,1
1598763584,1
1598766418,1
1598769531,1
1598769543,1
1598777319,1
1598783200,1
1598796363,1
1598800922,1
1598654318,1
smart,1
1598896477,1
smitten,1
1598543843,1
1598547402,1
1598547481,1
1598547492,1
smooth,1
1598547947,1
1598561604,1
1598561727,1
1598566724,1
1598566839,1
1598567333,1
1598632661,1
1598567904,1
1598571434,1
1598573144,1
1598575195,1
1598577863,1
1598582981,1
1598585002,1
1598588899,1
1598611260,1
1598611537,1
1598810868,1
1598810931,1
1598813580,1
shape,1
1598894674,1
1598894715,1
1598894730,1
sheet,1
1598894778,1
1598894790,1
1598894798,1
1598894810,1
1598894826,1
1598894889,1
1598894905,1
1598818836,1
1598894906,1
1598896014,1
sfd,1
1598896258,1
sewer,1
1598896319,1
1598896358,1
1598896362,1
severance,1
1598896415,1
1598894649,1
1598894637,1
1598894628,1
1598894599,1
1598860747,1
1598863301,1
1598865309,1
1598868280,1
showcasing,1
shoreacres,1
1598881185,1
1598888606,1
1598888636,1
1598888640,1
1598888697,1
1598894137,1
1598894217,1
1598894255,1
1598894260,1
1598894302,1
1598894336,1
1598894369,1
1598894376,1
1598894493,1
1598894556,1
removed,1
remodelled,1
remodeled,1
3396,1
320,1
3208,1
321,1
pted,1
provincial,1
3300,1
3311,1
3314,1
3347,1
proud,1
340,1
pvt,1
proportioned,1
3409,1
propane,1
prone,1
prominently,1
3457,1
3466,1
problem,1
prkwy,1
principle,1
31st,1
qew401,1
1bdrms,1
railing,1
rebecca,1
realty,1
realtron,1
realtor,1
really,1
rcmp,1
2levels,1
rclose,1
2t0,1
rated,1
300,1
3153,1
3025,1
3027,1
3030,1
radiating,1
3091,1
30x110,1
3114,1
r4c,1
3121,1
quickly,1
3627,1
364,1
3644,1
4200,1
40195647,1
40196002,1
403,1
pawankutlehria,1
pawan,1
40x141,1
partly,1
415,1
partially,1
417,1
427,1
366,1
parklike,1
436,1
panel,1
palmer,1
ownwer,1
464,1
471,1
4729,1
ovida,1
475,1
40195309,1
40195145,1
pec,1
40158198,1
3709,1
prestige,1
presenting,1
prepare,1
premier,1
3757,1
preference,1
possibilites,1
poprad,1
polished,1
plumbing,1
pleasant,1
playground,1
planted,1
pine,1
picton,1
philip,1
pendant,1
400,1
penalty,1
40147029,1
red,1
redhill,1
2935,1
regionrecently,1
regionsought,1
206,1
regionsituated,1
regionshort,1
regionrent,1
209,1
2092,1
210,1
regionred,1
2147,1
regionreason,1
2294,1
regionproperty,1
regionprestigious,1
regionplease,1
regionpicturesque,1
222,1
regionoutstanding,1
2228,1
2242,1
2281,1
regionnew,1
2051,1
2050,1
2046,1
regionstylish,1
1bedroom,1
remax,1
1hr,1
1n1,1
remark,1
remaining,1
regionwonderful,1
regionwho,1
regionversatile,1
2001,1
regionupdated,1
2010,1
2012,1
2013,1
2014,1
regiontop,1
regiontime,1
2018,1
regionsurrounded,1
regionsuperb,1
2024,1
2288,1
regionneat,1
2920,1
regionacross,1
regionenjoy,1
regioncozy,1
263,1
2659,1
267,1
regionbuilt,1
regionbreath,1
2778,1
regionall,1
27x125,1
2809,1
regionmidhaven,1
region606,1
region1st,1
region127,1
2842,1
regina,1
refinished,1
reference,1
2900,1
2914,1
292,1
25x125,1
259ft,1
regionfantastic,1
2550,1
regionmain,1
regionlower,1
2383,1
regionlocated,1
regionkennedy,1
regionimagine,1
2459,1
2462,1
regionhoney,1
2490,1
2494,1
24hr,1
regionhomelife,1
regionhis,1
2500sq,1
regionhello,1
regiongood,1
2510,1
regionfurnished,1
regionfreshly,1
2538,1
1599361722,1
